{"cameraMode":{"drawMode":0,"name":"Shaded","section":"Shading Mode"},"sceneLighting":true,"audioPlay":false,"sceneViewState":{"showFog":false,"showMaterialUpdate":false,"showSkybox":false,"showFlares":false,"showImageEffects":false,"showParticleSystems":false},"in2DMode":false,"pivot":{"x":11.939449310302735,"y":-9.166675567626954,"z":25.40894889831543},"rotation":{"x":-0.18646153807640077,"y":-0.21555037796497346,"z":0.041971199214458469,"w":-0.9576056599617004},"size":37.1876335144043,"orthographic":false}